smiles,value1,value2
II,5.584217020377517,4.520366274309787
C[C@]12C[C@H](O)[C@H]3[C@@H](CCC4=CC(=O)CC[C@@]43C)[C@@H]1CC[C@]2(O)C(=O)CO,9.965278395393103,0.03885759188604454
C[C@]12CC[C@@H]3c4ccc(O)cc4CC[C@H]3[C@@H]1CC[C@@H]2O,2.221025650260955,3.9342221606977903
CCCCCCCCCCCCCCCC(=O)O,8.780256528925952,4.602721862247576
CCCCCCCCCCCCCCCCCC(=O)O,8.171547960886073,7.119628523966189
c1cc2ccc3cccc4ccc(c1)c2c34,4.165629078047017,0.37472912876178044
O=C1NC(=O)C(c2ccccc2)(c2ccccc2)N1,5.70786714301353,3.6067702945022564
CCCCCCCCCCCC(=O)O,7.847081918187742,6.774265904007621
Clc1ccc(C(c2ccc(Cl)cc2)C(Cl)(Cl)Cl)cc1,0.09700659155450597,2.0114131153118886
CCCCCCCCCCCCCC(=O)O,9.905728644709615,4.749106407723124
CCC1(c2ccccc2)C(=O)NC(=O)NC1=O,0.8230851291146524,0.8328972658691247
c1ccc2c(c1)ccc1c3ccccc3ccc21,5.901977077732931,8.07994062649508
CN(C)C(=O)Nc1ccc(Cl)c(Cl)c1,3.734538195424469,7.682737663664515
C[C@]12CC[C@@H]3c4ccc(O)cc4CC[C@H]3[C@@H]1CCC2=O,5.062736924746002,4.328644028274792
c1ccc2cc3c(ccc4ccccc43)cc2c1,5.629458767493812,1.4852614204730363
O=[N+]([O-])c1cc([N+](=O)[O-])c(O)c([N+](=O)[O-])c1,1.5003614805871601,1.0637734331324478
C=C[C@H]1CN2CC[C@H]1C[C@H]2[C@H](O)c1ccnc2ccc(OC)cc12,2.646974773722479,4.7677578903481646
O=C(C(=O)c1ccccc1)c1ccccc1,2.432246279028867,4.268512887777626
C=C[C@H]1CN2CC[C@H]1C[C@@H]2[C@@H](O)c1ccnc2ccc(OC)cc12,6.128781621398044,3.176681178973697
Brc1ccc(Br)cc1,3.5190962828165984,4.442255055373655
O=C1C[C@@H]2OCC=C3CN4CC[C@]56c7ccccc7N1[C@H]5[C@H]2[C@H]3C[C@H]46,1.9459635293946764,7.591194899213552
O=C(O)c1ccc(Br)cc1,4.028147402835592,2.4069260567342896
O=C1CCc2cc(OCCCCc3nnnn3C3CCCCC3)ccc2N1,2.6556543923047373,6.331953100100268
O=c1[nH]c2ccccc2n1C1CCN(CCCC(c2ccc(F)cc2)c2ccc(F)cc2)CC1,9.56111397723475,8.427538431160679
O=C(O)c1ccccc1Br,2.356624162065011,7.544008850836191
O=[N+]([O-])c1cc([N+](=O)[O-])cc([N+](=O)[O-])c1,1.0722365200525807,7.541230434140243
O=C(O)c1cc([N+](=O)[O-])cc([N+](=O)[O-])c1,2.88514983794117,8.459209967932736
c1ccc(-c2ccc(-c3ccccc3)cc2)cc1,0.5972187798641271,7.844007745735602
O=C(O)c1cccc(Br)c1,7.751992017392352,2.5787592942448887
Cl[C@H]1[C@H](Cl)[C@@H](Cl)[C@H](Cl)[C@@H](Cl)[C@@H]1Cl,0.36312231185847144,8.149473430532456
CC(=O)OC[C@H]1O[C@@H](OC(C)=O)[C@H](OC(C)=O)[C@@H](OC(C)=O)[C@@H]1OC(C)=O,8.299632636672166,2.3260031969653507
CCOC(=O)c1cnn(C)c1S(=O)(=O)NC(=O)Nc1nc(OC)cc(OC)n1,7.394927322486586,9.537255785986405
C=C[C@H]1CN2CC[C@H]1C[C@H]2[C@H](O)c1ccnc2ccccc12,5.71748825548287,4.87899960406912
C=C[C@H]1CN2CC[C@H]1C[C@@H]2[C@@H](O)c1ccnc2ccccc12,7.262836542325576,4.877641457261605
c1ccc([Hg]c2ccccc2)cc1,0.25659693185418386,0.376655414208773
CC(=O)NC(Cc1c[nH]c2ccccc12)C(=O)O,0.8784191156593624,8.31278235566142
Oc1c(Br)cc(Br)c2cccnc12,3.7161630535001198,6.570790302575659
O=C(O)CCCCCCCCCC(=O)O,3.0988151432461275,1.023284924373774
CCC1(CC)C(=O)NC(=S)NC1=O,9.753171570393544,8.214632838431337
CCC(C)C1(CC)C(=O)NC(=O)NC1=O,4.493119851628996,5.261426174812752
CC[Pb](Br)(CC)CC,6.130146823600864,0.6333057996739955
CC[Pb](O)(CC)CC,3.064205780881389,2.255620698141988
O=C1CCCCCCCCCCCCCCN1,1.48623222933859,6.442251946343211
O=C1CCCCCCCCCCCCN1,0.2807146248439729,5.549840542215461
C[C@@H](O)[C@H](NC(=O)c1ccccc1)C(=O)O,0.7338275744219958,5.341876736589615
CCCCCCCCCCCCCC(=O)NO,8.541552127454963,5.30778537188623
C[C@H](O)C(NC(=O)c1ccccc1)C(=O)O,7.990145808708348,2.055456622399625
CC[Pb](Br)(Br)CC,5.403832385818937,7.262561108637035
CCCCC(CCCC)(CCCC)C(=O)NO,3.18165429373043,2.9502066093352086
O=C1OC(c2ccc(Br)cc2)C(Br)C1=O,6.029162506016469,0.15349432244560646
O=C1CCCCCCCCCCCCCCCCCN1,0.06774528442202943,8.691769890485093
Cc1ccc(C(=O)N(O)c2ccc(Cl)cc2)cc1,4.01784641335192,3.545449417403929
COC(C)C(NC(=O)c1ccccc1)C(=O)O,6.014312608185196,6.953436771233818
CO[C@H](C)[C@H](NC(=O)c1ccccc1)C(=O)O,9.110102612518938,2.9071338121936585
[N-]=[N+]=NC(c1ccccc1)C(O)C(=O)O,2.3512222723342435,7.191442518656745
CCCCCCC(CCC)(CCC)C(=O)NO,2.2039292956615486,8.65350089793401
CCCC(CCC)(C(=O)NO)C1CCCCC1,7.75137809262049,1.1881030689232075
CCCC(CCC)(C(=O)NO)c1ccccc1,1.1739015588332269,1.7372435521990515
O=C1OC(=O)c2c(Cl)c(Cl)c(Cl)c(Cl)c21,6.7014562536613305,2.400813826099879
Oc1cccc2cccnc12,4.366139547911572,6.869288997512405
Clc1nc(Cl)nc(Cl)n1,4.5246389053752845,1.640949690896465
O=P(c1ccccc1)(c1ccccc1)c1ccccc1,3.6682629556501856,7.520787271038644
Cc1ccc(O)c(C(C)(C)C)c1,4.2050990363998855,8.140445186805511
O=S(Cc1ccccc1)Cc1ccccc1,1.1236861428501532,7.703444745092058
O=C(O)c1cccc([N+](=O)[O-])c1,7.177342350859467,2.4712138655317464
O=C1CCCCCCCCCCCN1,6.280274041638925,7.7993936192813855
O=[N+]([O-])c1ccc(Cl)cc1,9.759262320792507,4.85430957019184
O=C(O)CCCCCCCC(=O)O,6.5395203936607,2.718476927942527
Cc1ccc([N+](=O)[O-])cc1[N+](=O)[O-],0.4422590910384061,0.7769892287476576
O=C(Oc1ccccc1)c1ccccc1O,3.31126873934294,9.800179976971897
CC(=O)Nc1ccc(O)cc1,1.071983809711472,3.539796483702775
c1ccc2c(c1)[nH]c1ccccc12,0.7854275260248766,3.3140209719979543
[Hg],3.0467743289911784,7.024102724944124
C1N2CN3CN1CN(C2)C3,6.859549244341705,5.804860603780961
CC(C)(CO)CO,5.647392446983877,8.41658452637306
O=C1CCCCCN1,9.648601170568345,2.3082674514200563
Oc1ccc(O)cc1,2.200398856524245,6.334502076339197
O=C(O)c1ccccc1,3.197616471798387,7.301633849323833
O=[N+]([O-])c1ccccc1O,7.630332054436869,0.5304764381915872
Cc1c(O)cccc1O,4.569134392506023,5.680862977046885
O=C(O)C(O)c1ccccc1,4.962905399979785,3.904478042496872
Oc1cccc(O)c1,6.926235928568073,9.52412016110156
OCCSCCO,7.8869054677377655,5.023906201385621
Cc1ccc([N+](=O)[O-])cc1,3.910171048593849,8.83256647512891
CN(C)C(=S)SSC(=S)N(C)C,4.476429127918765,6.988091759763865
c1ccc2cc3ccccc3cc2c1,0.23929618442251166,7.418404144286418
Oc1c(Cl)cc(Cl)c(Cl)c1Cc1c(O)c(Cl)cc(Cl)c1Cl,8.05372903462608,7.593717072805196
COc1ccc2c3c1O[C@H]1[C@@H](O)C=C[C@H]4[C@@H](C2)N(C)CC[C@]314,8.96007051853071,7.504779652900277
OC(c1ccccc1)(c1ccccc1)c1ccccc1,6.110560746979546,2.985522661296758
CC1(c2ccccc2)C(=O)NC(=O)NC1=O,3.2656707707066515,0.7961556099189582
C=C(C)[C@H]1Cc2c(ccc3c2O[C@@H]2COc4cc(OC)c(OC)cc4[C@@H]2C3=O)O1,3.587572783254335,2.4008425751208518
Oc1cccc(O)c1O,1.3502559367274425,6.657883281972237
O=C(O)c1ccccn1,7.976573786026463,8.134588829110648
CC1OC(C)OC(C)OC(C)O1,6.145317840566563,7.13097820439768
O=C(O)c1cc(-c2ccccc2)nc2ccccc12,1.9906570801510615,4.214538550244601
O=C(O)CC(=O)O,1.78294016481229,8.454268647818663
C1CN2CCN1CC2,9.801313678991622,3.632963316160299
CN(c1c([N+](=O)[O-])cc([N+](=O)[O-])cc1[N+](=O)[O-])[N+](=O)[O-],8.424062635493051,8.87984336708641
CC1=C2[C@H]3OC(=O)[C@@H](C)[C@@H]3CC[C@@]2(C)C=CC1=O,5.445129862603979,2.4985091036970863
Nc1ccccn1,6.673862580590261,5.877151893576025
CC(C(=O)O)C(=O)O,9.07585493512247,6.35623239256239
CCCCC(C(=O)O)C(=O)O,4.137327244597611,9.62615486750453
O=C(O)/C=C/c1ccco1,1.1411803958800437,2.565862668819573
CC(=O)Oc1ccc2c3c1O[C@H]1[C@@H](OC(C)=O)C=C[C@H]4[C@@H](C2)N(C)CC[C@]314,4.703190823788759,8.320291239626858
C(=C/c1ccccc1)\c1ccccc1,4.038067330043262,2.8977651450355744
CCC(C(=O)O)C(=O)O,7.2828565672909455,9.519335153357966
Cc1c([N+](=O)[O-])cc([N+](=O)[O-])c(O)c1[N+](=O)[O-],4.47791989823667,0.7404018282583391
CCOC(=O)C(=O)C(=O)OCC,6.771539050880902,9.957697419828582
CCCC(C(=O)O)C(=O)O,6.11079938062611,0.20046455579152744
CCCCCC(C(=O)O)C(=O)O,6.597472786159473,9.814815082158301
CCCCCCCC(C(=O)O)C(=O)O,7.729157072432753,1.7956617974966027
CCCCCCCCC(C(=O)O)C(=O)O,6.1187189208928805,8.926944531421473
O=C1CCCCCCCN1,2.086627025725795,9.402823830795239
O=C1CCCCCCCCCN1,2.903417344319965,5.312463296651511
CCCCCCCCCC(C(=O)O)C(=O)O,9.198037930028123,0.3663015401108327
CCCCCCC(C(=O)O)C(=O)O,6.952819400234986,8.874710190691765
CCCCCCCCCCC(C(=O)O)C(=O)O,3.7065871779391557,6.380700221142547
O=C1CCCCCCCCN1,9.894535478497094,0.7273533609318483
Cc1c2ccccc2c(C)c2ccccc12,2.6744873483160116,2.3890396080886935
O=C(O)CCCCCC(=O)O,0.5378106594438425,5.705332609138902
O=C(O)/C=C/c1ccccc1,1.1465792504281136,4.839839032143491
O=C(O)c1ccco1,9.13175697010233,3.38815678210446
Cc1ccccc1C(=O)O,0.37071765346763375,6.534035215018321
O=C(O)c1cccc(Cl)c1,1.4025706521310422,6.644900938352709
O=Cc1ccc([N+](=O)[O-])cc1,7.397373430358996,8.104928171458933
CCCC(N)=O,3.7430157499094663,4.028809554880798
CC1=CC(=O)c2ccccc2C1=O,0.31155013983260926,2.2588193463590214
Nc1cccc([N+](=O)[O-])c1,7.447060703081004,9.96058136784532
Nc1ccc([N+](=O)[O-])cc1,4.304956751658333,1.086942450190559
O=[N+]([O-])c1ccc(O)c([N+](=O)[O-])c1,1.8337500642294846,8.558716917604768
Cc1cc([N+](=O)[O-])cc([N+](=O)[O-])c1O,7.881164394439402,2.65313859870969
O=[N+]([O-])c1cccc([N+](=O)[O-])c1O,9.134728685668547,8.802336279090516
Nc1ccc(C(=O)O)cc1,4.543293500063205,4.24037925696944
CCC1(C2=CCCCC2)C(=O)NC(=O)NC1=O,1.1520269049158471,9.09327223899637
CCC1(CC)C(=O)NC(=O)NC1=O,6.0333262893701525,5.719531545929338
O=C(O)c1cccc(O)c1,9.959149160465806,8.28691016329557
O=[N+]([O-])c1ccc(O)cc1,9.706680113385525,3.9952152402449146
Nc1ccccc1[N+](=O)[O-],4.666234294897061,9.123742488805496
Cc1c(C)c(C)c(C)c(C)c1C,9.948773909848569,3.4941991371937764
O=[N+]([O-])c1cccc(O)c1,4.706548835843206,8.64054431886922
N#CC(C#N)=NNc1ccccc1,7.8006547300822815,6.936883073317018
O=C(O)c1ccccc1[N+](=O)[O-],5.993315310302961,8.042714007126447
Cn1c(=O)c2c(ncn2C)n(C)c1=O,1.0081116816114777,1.979583021863166
c1cc2cccc3c4cccc5cccc(c(c1)c23)c54,6.92540567127245,7.086813777606531
O=C1CCC(=O)N1,1.9172902420242932,0.2529112786970833
Cc1ccc(C(=O)O)c(C)c1,1.4384764694458563,8.924059374406122
O=[N+]([O-])c1cc([N+](=O)[O-])c(O)c([N+](=O)[O-])c1O,5.204131519129724,2.7562903849159373
O=[N+]([O-])c1cc([N+](=O)[O-])c(Cl)c([N+](=O)[O-])c1,8.065605779443414,4.612797541864935
COc1c([N+](=O)[O-])cc([N+](=O)[O-])cc1[N+](=O)[O-],3.099130765519431,7.964559411582376
c1ccc2c(c1)Cc1ccccc1-2,0.7684138923214578,0.5024704674654823
c1cc2c3c(cccc3c1)CC2,9.79269337246444,6.878549727812585
O=C(O)c1ccccc1Cl,1.4099066389342019,7.945317263161539
C=CCC1(c2ccccc2)C(=O)NC(=O)NC1=O,8.990419809639839,0.14284758533546493
CC(=O)Nc1ccccc1,3.84460152651682,2.2947158472274443
CC(=O)Nc1ccc(Br)cc1,0.2740604373839739,7.989559559461706
c1ccc2cc3cc4ccccc4cc3cc2c1,3.535451363530301,2.291094754563513
O=C(O)c1ccccc1O,1.154476179483278,8.340956855128352
O=C(O)c1ccc(Cl)cc1,8.720223138634978,1.9766770320056082
c1ccc2c(c1)Nc1ccccc1S2,6.128591623555959,6.985979835400032
O=[N+]([O-])c1cccc2ccccc12,3.0856668863210626,9.711254069202068
CCCC1(CCC)C(=O)NC(=O)NC1=O,3.4740535917431306,1.0546181034312874
O=C(O)c1ccccc1C(=O)c1ccc(O)cc1,8.163409695935584,0.5953650618745598
CCCCC(CC)CC(CC)(CC)C(=O)NO,0.3650373992661249,9.384400908096657
CCCCCCCCC(CC)(CC)C(=O)NO,1.2431422538734715,0.17686394127301108
CC(C)CC(CC(C)C)(CC(C)C)C(=O)NO,8.844894773301897,1.250770694469816
CCCCCCCCCCC(C)(C)C(=O)NO,0.5388921166772387,3.444432500577003
CCC(CC)(Cc1ccc(C)cc1)C(=O)NO,9.78780762439818,8.256267720851083
Cc1cc(C)c(CC(C)(C)C(=O)NO)c(C)c1,8.672019154513396,5.7815421878260995
O=C1C=Cc2ccccc2C1=NO,8.561964832724737,3.577141176762968
Cc1ncc([N+](=O)[O-])n1CCO,5.478580231459224,2.811826685180722
Oc1ccc(N=Nc2ccccc2)c(O)c1,1.6565671617491406,6.815344826675861
CCOc1ccc(NC(C)=O)cc1,3.1434902860317306,0.01989732962386026
c1ccc(-c2ccccc2)cc1,9.800293434581883,4.559882862318095
O=C(O)CCCC(=O)O,5.267526315644648,5.52671710867109
c1ccc(C(c2ccccc2)(c2ccccc2)c2ccccc2)cc1,7.031324152027625,1.3472416217035577
CN1CC[C@]23c4c5ccc(O)c4O[C@H]2[C@@H](O)C=C[C@H]3[C@H]1C5,7.577189656541567,3.1444741100650884
CC(C)[C@@H](C)/C=C/[C@@H](C)[C@H]1CC[C@H]2C3=CC=C4C[C@@H](O)CC[C@]4(C)[C@H]3CC[C@@]21C,6.65798304393566,5.216085241025487
C[C@]12CC[C@@H]3c4ccc(OC(=O)c5ccccc5)cc4CC[C@H]3[C@@H]1CC[C@@H]2O,4.468102191702265,7.359095899736517
CC1=C2C(=CO[C@H](C)[C@H]2C)C(O)=C(C(=O)O)C1=O,1.4320932832310584,8.164653318372784
CCCCCCCCCCCCCCCCCCCCCCC(=O)O,8.169222951289576,7.709018863025509
c1ccc(-c2cc(-c3ccccc3)cc(-c3ccccc3)c2)cc1,3.4053536893476064,0.9219486965137835
c1ccc2c(-c3cccc4ccccc34)cccc2c1,6.903856080018345,1.4033889137354172
Oc1ccc2ccccc2c1/N=N/c1ccccc1,3.7048736959610116,4.035324870456668
Cc1cc(C)c(B(c2c(C)cc(C)cc2C)c2c(C)cc(C)cc2C)c(C)c1,7.178455404689501,1.576240111378211
C[Te](C)(I)I,3.935573344285437,2.635212121234445
O=C(O)c1c(Br)cccc1Br,8.577921618923511,2.921049056814243
ClCCN(CCCl)c1ccc2ccccc2c1,7.222751758421389,5.199085523840628
CC[Pb](Cl)(Cl)CC,5.492120086167578,8.295651605706107
CC(C)(C)N1B(Cl)N(C(C)(C)C)B(Cl)N(C(C)(C)C)B(Cl)N(C(C)(C)C)B1Cl,3.5039526621806063,0.4201686021183759
Nc1c([N+](=O)[O-])c([N+](=O)[O-])c([N+](=O)[O-])c([N+](=O)[O-])c1[N+](=O)[O-],3.8319755409442333,0.520147113118824
O[C@]1(c2ccccc2)c2ccccc2[C@](O)(c2ccccc2)c2ccccc21,6.888763243458293,4.584451258183446
Cc1cc([N+](=O)[O-])c(C)c([N+](=O)[O-])c1[N+](=O)[O-],0.34814919246011544,9.328165185465204
CC12CCC(C(Br)C1=O)C2(C)CBr,8.077315149889815,6.741887047601828
ClC1=C(Cl)[C@]2(Cl)[C@H]3[C@H]4C=C[C@H](C4)[C@H]3[C@@]1(Cl)C2(Cl)Cl,3.9629229290514423,0.5957342315474901
CCOCN1C(=O)c2ccccc2C1=O,8.449816998296578,4.25130014245415
CCN(CC)C(=S)S[As](SC(=S)N(CC)CC)SC(=S)N(CC)CC,3.2249111319920365,5.312787667594766
CCC[C@H]1CC2=C(C[C@@H](CC)CC3=C1C(=O)OC3=O)C(=O)OC2=O,7.857500011755678,0.6012427056885439
CCCOCN1C(=O)c2ccccc2C1=O,0.7876608194054846,6.373345941734795
CC1(C)C[C@H]2C[C@@H]1C/C2=C\C1(C)C[C@H]2C[C@@H]1CC2(C)C,5.093878663664554,2.6954315939625495
CCCCC(=O)O[C@H]1CC[C@H]2[C@@H]3CCc4cc(OC(=O)c5ccccc5)ccc4[C@H]3CC[C@]12C,8.815924899691986,9.047896356890778
O=C(OC(c1ccccc1)(c1ccccc1)c1ccccc1)OC(c1ccccc1)(c1ccccc1)c1ccccc1,9.245282213114743,8.147593676886876
CCOC(=O)c1cc(C#Cc2ccnc(-c3ccccn3)c2)cc(C#Cc2ccnc(-c3ccccn3)c2)c1,9.506188195053628,2.6147206967372574
O=C(O)c1cc(C#Cc2ccnc(-c3ccccn3)c2)cc(C#Cc2ccnc(-c3ccccn3)c2)c1,9.21646647661204,6.6572182809231215
CCC12SC3S[C@H](S1)S[C@](CC)(S3)S2,1.715927544777519,3.5993183101022206
OOC1(c2ccccc2)c2ccccc2C(OO)(c2ccccc2)c2ccccc21,0.6609272772731589,6.704606023105355
CCOc1c([N+](=O)[O-])cc([N+](=O)[O-])cc1[N+](=O)[O-],1.5553992765327185,9.662955351668119
CC12SC3(C)SC(C)(S1)SC(C)(S2)S3,4.087031874776566,1.5761390352712012
O=[N+]([O-])c1cccc2cccc([N+](=O)[O-])c12,6.0185059636917435,2.7640477660811644
O=C(OCOC(=O)c1ccccc1)c1ccccc1,0.8136650236815435,3.509141061792711
O=[N+]([O-])c1cc([N+](=O)[O-])c2c([N+](=O)[O-])cccc2c1,8.339674133287335,1.4539571150894248
O=P(O)(c1ccccc1)c1ccccc1,4.269957470849706,4.670544454250376
CN(C(=O)C(=O)N(C)[N+](=O)[O-])[N+](=O)[O-],1.2683138378446512,7.212691104292751
c1ccc(/N=N/c2ccccc2)cc1,9.971414002546307,3.8430224382725475
Cc1cccc(C)c1C(=O)O,8.803292967769373,1.3192367233036983
c1ccc(C2SC(c3ccccc3)SC(c3ccccc3)S2)cc1,5.05233115873202,6.016343407436477
Nc1c([N+](=O)[O-])cc([N+](=O)[O-])cc1[N+](=O)[O-],6.845429255067205,6.978639291055098
CC12CCC(C(C(=O)c3ccccc3)C1=O)C2(C)C,7.0081746474971,9.675227653929682
CCc1ccc(C(=O)c2ccccc2C(=O)O)cc1,9.888708996408136,7.823141677985744
O=[N+]([O-])c1ccc(CCl)cc1,1.1755027879992586,2.649183657857966
[N-]=[N+]=NC(=O)c1ccccc1[N+](=O)[O-],9.84488920687324,6.871276229923053
COc1ccc2c3c1O[C@H]1[C@@H](OC(C)=O)CC[C@H]4[C@@H](C2)N(C)CC[C@]314,0.7833791728412809,1.6339827431776455
N#CSCCSC#N,6.912053866657307,1.648280048082097
CCCCCCCC(N)=O,6.8330542300273756,4.88381458664616
[N-]=[N+]=NC(=O)c1cccc([N+](=O)[O-])c1,0.98450290940304,9.575090166730782
C/C=C/C1=CC(=O)[C@H](O)[C@H]1O,4.438333092007689,9.760786915623182
N#CSC=CSC#N,5.244613794263133,6.799716776663688
COc1c([N+](=O)[O-])c([N+](=O)[O-])cc([N+](=O)[O-])c1[N+](=O)[O-],2.1615692780552087,5.148587353499269
COCN1C(=O)c2ccccc2C1=O,3.2513025246929637,3.2269032652433483
CC1(C)COP(=O)(NCCNP2(=O)OCC(C)(C)CO2)OC1,1.5463662358420749,4.224619524846236
C1C2CC3CC1CC(C2)C3,9.98791760933083,0.22205353667805294
C[C@]12CCc3c(ccc4cc(O)ccc34)[C@@H]1CCC2=O,9.178363519804934,0.8658057758562598
[N-]=[N+]=NC(=O)c1ccccc1,8.433659377003787,1.9437830260738875
O=[N+]([O-])c1ccc([N+](=O)[O-])c2c([N+](=O)[O-])cccc12,2.7949511581717834,8.557566402814619
COc1ccc2c3c1O[C@H]1[C@@H](O)CC[C@H]4[C@@H](C2)N(C)CC[C@]314,4.2080416847082205,3.5253075897676767
Cl[C@H]1c2ccccc2[C@H](Cl)[C@@H](Cl)[C@@H]1Cl,9.139682581921997,4.2014461810497625
CSCC12CSCC(C1)C(C)=CC2=O,1.0932926543577703,2.1272712374839675
ClP1(Cl)=NP(Cl)(Cl)=NP(Cl)(Cl)=N1,9.331811702099209,5.175956412664213
O=[N+]([O-])c1ccc(Oc2c([N+](=O)[O-])cc([N+](=O)[O-])cc2[N+](=O)[O-])c([N+](=O)[O-])c1,3.941072749306922,4.569525734047749
O=[N+]([O-])c1ccc(Nc2ccc([N+](=O)[O-])cc2[N+](=O)[O-])c([N+](=O)[O-])c1,8.296780856030782,1.9779790350457993
Cc1cc(C)cc(C(=O)O)c1,5.125617479644471,2.4091179415389528
[N-]=[N+]=NC(=O)c1c([N+](=O)[O-])cc([N+](=O)[O-])cc1[N+](=O)[O-],6.516065040740814,8.213224165136335
Cc1ccc(C)c([N+](=O)[O-])c1[N+](=O)[O-],6.191683646158913,3.0496679053625364
O=C(O)C=Cc1ccco1,7.496717669222478,4.977899619796858
O=[N+]([O-])c1cccc2c([N+](=O)[O-])cccc12,7.117587712095026,5.706580619167023
O=P1(CO)Oc2ccccc2-c2ccccc21,0.6337480153712205,5.459012723420572
COc1ccc(C(=O)N2CCN(c3ccc4c(c3)CCC(=O)N4)CC2)cc1OC,3.8898568288623734,4.341943361626859
c1ccc(C(=C(c2ccccc2)c2ccccc2)c2ccccc2)cc1,7.335100991108617,4.49408560862264
CN(C)c1ccc(-c2ccc(N(C)C)cc2)cc1,7.047794518283355,8.10979102422316
CCCCCCCCCCCCCCCCCCCCCCCCCCCCCCC,6.378060110554503,9.6917964031447
COc1cc2c(cc1OC)[C@@]13CCN4CC5=CCO[C@H]6CC(=O)N2[C@H]1[C@H]6[C@H]5C[C@H]43,7.957190812164539,1.4292858779019224
CCCCCCCCCCCCCCCCCCCCCCCCCCCCCCCC,0.927360885551648,1.019584297578141
C(/C=C/c1ccccc1)=C\c1ccccc1,8.76353443368454,1.7406041217424129
c1ccc(B(c2ccccc2)c2ccccc2)cc1,1.4429721771508164,2.5406727911730966
c1ccc([Sn](c2ccccc2)(c2ccccc2)c2ccccc2)cc1,2.2063210043660564,3.6387892903520402
O=C(C=P(c1ccccc1)(c1ccccc1)c1ccccc1)c1ccccc1,9.023364835162257,4.514410337465687
I[Sn](I)(I)I,6.468897930913091,6.2505459565245305
CCC1(c2ccccc2)NC(=O)N(C)C1=O,6.4581571584195885,7.30506854430166
OB(O)c1cc2ccccc2c2ccccc12,2.766816830805845,9.442854608603433
N#Cc1c2ccccc2c(C#N)c2ccccc12,9.929792825879947,3.906924038125724
c1ccc([Zn]c2ccccc2)cc1,3.48634219871201,6.109044585810089
c1ccc([Si](c2ccccc2)(c2ccccc2)c2ccccc2)cc1,9.115002518654622,0.6598633788058861
O=C(/C=C/c1ccc([N+](=O)[O-])cc1)c1ccccc1,3.6315479767468775,0.26848202246529285
I[As](I)I,3.8275169822257427,4.663299472578917
C(=CC=Cc1ccccc1)C=Cc1ccccc1,1.938392506051052,0.4108020366409171
Br[As](Br)Br,2.3111929217731673,7.914406603523483
Br[Te](Br)(Br)Br,0.25430119555717057,3.5823574407675585
c1ccc([Pb](c2ccccc2)(c2ccccc2)c2ccccc2)cc1,5.964086420565417,2.5609857293957528
CCC1=C(C)c2cc3[nH]c(cc4nc(cc5[nH]c(cc1n2)c(C)c5CC)C(C)=C4CC)c(C)c3CC,1.8911247443122103,6.025556830548464
O=C(OC(=O)c1ccc(Cl)cc1)c1ccc(Cl)cc1,5.081527982055193,2.325781543778571
c1ccc([Al](c2ccccc2)c2ccccc2)cc1,6.637829030470162,7.29826019114999
c1ccc([Ge](c2ccccc2)(c2ccccc2)c2ccccc2)cc1,6.927328610430273,9.51252576167749
c1ccc([Cd]c2ccccc2)cc1,0.9202285516300335,3.19420723760403
c1cc2cccc3c2c(c1)c1c2c4cccc5cccc(c54)c2c2c4cccc5cccc(c54)c2c31,1.655150498981195,3.6936207247599926
c1ccc2c(c1)Cc1c-2c2c(c3c1-c1ccccc1C3)-c1ccccc1C2,1.6066471642658997,8.107904851387168
O=C(/C=C/c1ccccc1[N+](=O)[O-])c1ccccc1,3.877015298392074,8.060924600645224
CCCCCCCCCCCCCCCCCC(=O)OCC(COP(=O)([O-])OCC[N+](C)(C)C)OC(=O)CCCCCCCCCCCCCCCCC,4.735047484802017,4.9675047496019875
c1ccc2c(c1)C1c3ccccc3C2C2c3ccccc3C1c1ccccc12,4.366562945570563,1.7890141973354623
CC[Pb](Cl)(CC)CC,4.189219229582294,2.4084518696035575
O=C(O)[C@@H](Br)[C@@H](Br)c1ccccc1,0.6205403055003744,1.727985939958503
COc1ccc(C(=O)C=Cc2ccccc2O)cc1,0.21745519955288284,4.713062033792593
c1ccc2c(c1)-c1cc3[nH]c(cc4nc(cc5[nH]c(cc-2n1)c1ccccc51)-c1ccccc1-4)c1ccccc31,2.109395939778993,6.079401544434024
CCC1=C(C)c2cc3[nH]c(cc4nc(cc5[nH]c(cc1n2)c(CC)c5C)C(C)=C4CC)c(CC)c3C,8.740254648475297,9.464183563970238
C(C=CC=Cc1ccccc1)=CC=Cc1ccccc1,8.434307896513927,6.586502435037738
CC(=O)Nc1ccc(Br)cc1Br,5.4710418761559225,3.2785547202530885
c1ccc([In](c2ccccc2)c2ccccc2)cc1,3.762693466190324,9.765634135900223
CC1=C(C)c2cc3[nH]c(cc4nc(cc5[nH]c(cc1n2)c(C)c5C)C(C)=C4C)c(C)c3C,4.496320432595466,6.618409129159158
Nc1ccccc1C(=O)Nc1ccccc1C(=O)O,8.59213794318841,1.9746417299705965
C=CC(C)(C)c1[nH]c2c(CC=C(C)C)cc(CC=C(C)C)cc2c1C[C@@H]1NC(=O)[C@H](C)NC1=O,3.70054703911605,4.042199008768646
O=C(O)c1ccc(Cl)cc1Nc1ccccc1,7.30106034637172,9.42949251177498
CCCCCCCCCCCCCCCCCC(=O)Nc1ccccc1,9.007341333722898,5.228348760375995
c1ccc(C2OCC3(CO2)COC(c2ccccc2)OC3)cc1,3.81310112220934,9.240851133676234
Oc1ccc(C(O)(c2ccccc2)c2ccccc2)cc1,0.5797282928772374,6.126092201604877
CC(=O)Nc1ccc([N+](=O)[O-])c(Cl)c1,6.204485557840015,8.928960286974789
O=C(O)C1c2ccccc2Cc2ccccc21,5.185346481508681,8.5150122334421
O=C1C(=Cc2ccc(O)cc2)CCCC1=Cc1ccc(O)cc1,6.609833831607098,3.901674410740883
O=C1[C@H]2CC=CC[C@H]2C(=O)N1SC(Cl)(Cl)Cl,7.44885254248791,6.545886740911362
C(=CC=CC=Cc1ccccc1)C=CC=Cc1ccccc1,6.299885737717357,7.155518253472927
COc1cc2c(cc1OC)[C@@H]1C(=O)c3ccc4c(c3O[C@@H]1CO2)C[C@H](C(C)C)O4,4.163293116759688,6.026871282646937
CC(=O)OI(OC(C)=O)c1cccc([N+](=O)[O-])c1,2.5902805488766445,6.558024471079797
c1ccc([Ga](c2ccccc2)c2ccccc2)cc1,6.098270791975865,3.077712151037918
C(C=CC=CC=Cc1ccccc1)=CC=CC=Cc1ccccc1,8.93208121864672,5.122375460226619
CC(=O)C(C(=O)c1ccccc1)C(=O)c1ccccc1,9.111773730364249,9.33032146350071
O=c1c2ccccc2c2c3c1cccc3c1cccc3c(=O)c4ccccc4c2c31,9.637558667330389,3.85499512964779
CCCC(=O)O[C@]1(C(=O)COC(=O)CC)CC[C@H]2[C@@H]3CCC4=CC(=O)CC[C@]4(C)[C@H]3[C@@H](O)C[C@@]21C,8.481707173266654,8.771813527649797
COc1cc([N+](=O)[O-])c([N+](=O)[O-])c([N+](=O)[O-])c1OC,1.7998195266059802,0.751216915643067
O=c1c(=c2c(=O)c3cccc4cccc2c43)c2cccc3cccc1c32,6.63223025545595,9.128798762473076
O=C1C(=Cc2ccc(O)cc2)CCC1=Cc1ccc(O)cc1,1.958319530347139,2.386028347955411
CCCCCCCCCCCCC(=O)CCCCC(=O)O,2.662799251727402,4.002022659090512
O=[N+]([O-])c1cc([N+](=O)[O-])c(/C=C/c2ccccc2)c([N+](=O)[O-])c1,8.04102840240704,1.1812282401794583
O=C1Oc2ccccc2C(=O)C1CC1C(=O)Oc2ccccc2C1=O,0.6919784256854555,2.5470345394074236
COc1cc2c(cc1OC)[C@@H]1C(=O)c3ccc(O)c(CC=C(C)C)c3O[C@@H]1CO2,2.885812585621339,7.97001681180849
Cc1cccc(C=NNc2ccc([N+](=O)[O-])cc2[N+](=O)[O-])c1,2.48995561031891,1.8907134291845984
CCCCCCCCCCCCC(O)CCCCC(=O)O,6.763270249804233,5.737538637818007
O=C(c1ccc(-c2ccccc2)cc1)C(O)c1ccc(-c2ccccc2)cc1,7.131177885124986,8.927090462984642
CCOc1ccc2nc3cc([N+](=O)[O-])ccc3c(Cl)c2c1,8.70464463664608,5.3514220539410395
N#CS[Si](SC#N)(SC#N)SC#N,1.574413045384836,0.6611081033760058
O=[N+]([O-])c1ccc(NN=Cc2ccc(Br)cc2)c([N+](=O)[O-])c1,7.715100805205111,6.238794852946469
c1ccc([Tl](c2ccccc2)c2ccccc2)cc1,4.663023268097093,4.901267920882648
O=[N+]([O-])c1ccc(C2OCC3(CO2)COC(c2ccc([N+](=O)[O-])cc2)OC3)cc1,2.806242981365016,5.436122821726227
COc1cccc(C=NNc2ccc([N+](=O)[O-])cc2[N+](=O)[O-])c1,5.783121538899615,0.0429380339301233
c1ccc(-c2nc3cc4ccccc4cc3[nH]2)cc1,5.97894990962359,4.5357566444769954
O=P(Cl)(Cl)NS(=O)(=O)c1ccccc1,8.532086175298929,7.422531542230466
Oc1ccccc1CCC(O)c1ccccc1,6.426728854878066,9.162588460345363
C1#Cc2ccccc2C#CC#Cc2ccccc2C#C1,7.151363584826209,6.706256350937369
c1ccc(-c2ccc([Si](c3ccc(-c4ccccc4)cc3)(c3ccc(-c4ccccc4)cc3)c3ccc(-c4ccccc4)cc3)cc2)cc1,1.0324209357111824,4.703082901655869
O=C1C(O)=C(CCCC2CCCCC2)C(=O)c2ccccc21,1.1214342710123193,2.0844297273533687
C[Pt](C)(C)Cl,4.653217821275366,6.481382069112946
CCCCC1=C(C)c2cc3[nH]c(cc4nc(cc5[nH]c(cc1n2)c(CCCC)c5C)C(C)=C4CCCC)c(CCCC)c3C,8.53904070815094,1.9898795214853182
CC[C@@]1(c2ccccc2)NC(=O)NC1=O,1.3542498466412045,9.990855960481733
COc1c2ccc(-c3ccccc3)oc-2cc(=O)c1C,5.391255832144221,7.618672105160366
Cc1ccc2c(=O)c3ccccc3c3c2c1c1c(C)ccc2c(=O)c4ccccc4c3c21,2.9540785013065762,9.65717363073465
c1ccc(-c2ccc([Si](c3ccccc3)(c3ccccc3)c3ccccc3)cc2)cc1,4.745889883871625,0.23693723225728158
CCCCC1=C(C)c2nc1cc1[nH]c(c(C)c1CCCC)c(-c1ccccc1)c1nc(cc3[nH]c(c(C)c3CCCC)c2-c2ccccc2)C(CCCC)=C1C,5.252101250226303,4.276990028288211
O=[N+]([O-])c1ccc(NN=Cc2cccc(Br)c2)c([N+](=O)[O-])c1,6.310891737181684,5.2072697462697
O=C(O)CC1OC(C(Cl)(Cl)Cl)OC1=O,4.594142447620624,1.038790658610138
c1ccc2c(c1)c1c3cccc4cccc(c43)c3c4ccccc4c4c5cccc6cccc(c65)c2c4c13,4.179623217849762,9.380349195051412
O=C(O)CCC(=O)NNC(=O)c1ccccc1,2.3361226476283905,8.879377343928667
N#CC(c1ccccc1)=[N+]([O-])c1ccccc1,9.201244056751118,9.849689093366191
C=Cc1cc(OC)c(OC)cc1C(=O)Cc1ccc2c(c1CN(C)C)OCO2,4.303122572127105,1.7382543217371438
Nc1cccc(C=NNc2ccc([N+](=O)[O-])cc2[N+](=O)[O-])c1,6.886031603826764,0.8142226233613825
COC(=O)c1ccc(C=NNc2ccc([N+](=O)[O-])cc2[N+](=O)[O-])cc1,3.567800614948103,3.2600413807469932
O=[N+]([O-])c1cc([N+](=O)[O-])c(ON=C(c2ccccc2)c2ccccc2)c([N+](=O)[O-])c1,7.94073455771021,2.698376860793795
C=C[C@H]1CN2CC[C@H]1C[C@@H]2[C@H](Cl)c1ccnc2ccc(OC)cc12,2.154324426759046,8.491488027334933
CC1=C(C)c2nc1cc1[nH]c(c(C)c3nc(cc4[nH]c(c2C)c(C)c4C)C(C)=C3C)c(C)c1C,4.642949756100463,9.182132472496184
CCC1=C(C)c2cc3[nH]c(cc4nc(cc5[nH]c(cc1n2)c(C)c5CC)C(CC)=C4C)c(CC)c3C,2.9068203552590175,2.8341416885140545
CCCCCCCC[C@H](O)[C@H](O)CCCCCCCC,7.45779539273506,7.200996331845909
CCCCCCCC[C@@H](O)[C@H](O)CCCCCCCC,7.430085477504243,7.326700663287427
COc1cc(-c2ccc(-c3ccccc3)c(OC)c2)ccc1-c1ccccc1,3.552791752036982,5.389647213459861
O=C(O)[C@H]1c2ccccc2[C@H](C(=O)c2ccccc2)c2ccccc21,7.082464911079515,8.33040309274697
c1ccc(-c2ccc([Si](c3ccccc3)(c3ccccc3)c3ccc(-c4ccccc4)cc3)cc2)cc1,6.852794419321901,9.086704642087222
O=S(=O)(N=P(Cl)(Cl)Cl)c1ccc2ccccc2c1,5.960567943195646,5.6626194066259306
CCCCCCCCCCCCCCCC(=O)SCCNC(=O)CCNC(=O)[C@H](O)C(C)(C)CO,8.550865194692738,9.256458853356875
CCCCCCCCCCCCCCCCCC(=O)SCCNC(=O)CCNC(=O)[C@H](O)C(C)(C)CO,5.137078360914726,4.611889923021319
O=C(O)c1c2ccccc2c(-c2ccccc2)c2c(-c3ccccc3)c3ccccc3c(-c3ccccc3)c12,1.1117876032957907,4.570215649672477
c1ccc(-c2ccc([Si](c3ccccc3)(c3ccc(-c4ccccc4)cc3)c3ccc(-c4ccccc4)cc3)cc2)cc1,4.612723905910473,2.4224990962660553
COc1cc2c(cc1OC)C(C(=O)c1ccc3c(c1O)C[C@H](C(C)C)O3)CCO2,8.618157947718595,0.563716844854204
c1ccc([C@H]2Oc3c(c4ccccc4c4ccccc34)O[C@@H]2c2ccccc2)cc1,6.753611401841764,6.015797916658171
COc1cc2c(cc1OC)[C@@H]1C(=O)c3ccc(O)c(CCC(C)C)c3O[C@@H]1CO2,0.7107974883054347,6.3762251098998055
O=C1c2c(Cl)c(Cl)c(Cl)c(Cl)c2C(=O)N1c1ccc([N+](=O)[O-])cc1,8.369998830782286,0.504407023595671
S=C=N[Si](N=C=S)(N=C=S)O[Si](N=C=S)(N=C=S)N=C=S,5.6005102541170615,8.740283448624274
O=C(O)CCCC(=O)NNC(=O)c1ccccc1,5.758341570087384,1.4312641085170807
CC12CCC(C(=CNc3ccc4ccccc4c3)C1=O)C2(C)C,7.799790791715537,4.749613534545391
O=C(O)[C@H]1c2ccccc2[C@@H](C(=O)c2ccccc2)c2ccccc21,5.1228686703438235,5.906781653450436
CC(=O)Oc1ccc(Cl)c2c(OC(C)=O)ccc(Cl)c12,1.597247983220993,4.308449015766116
O=[N+]([O-])c1ccc(N/N=C/c2ccc(I)cc2)c([N+](=O)[O-])c1,0.6163632819620379,9.380930486821585
Cc1cc2c(=O)c3ccccc3c3c2c(c1)c1cc(C)cc2c(=O)c4ccccc4c3c21,2.959281709794422,6.974625354803284
CC[Ge]1(CC)OS(=O)(=O)O[Ge](CC)(CC)OS(=O)(=O)O1,1.5082387780267303,4.24849072354752
CCC[Ge]1(CCC)OS(=O)(=O)O[Ge](CCC)(CCC)OS(=O)(=O)O1,2.099198444600833,1.3857845584880624
CCc1c2nc(cc3[nH]c(c(C)c3C)c(CC)c3nc(cc4[nH]c1c(C)c4C)C(C)=C3C)C(C)=C2C,7.719347295277044,6.042149775598164
CCCc1c2nc(cc3[nH]c(c(C)c3C)c(CCC)c3nc(cc4[nH]c1c(C)c4C)C(C)=C3C)C(C)=C2C,3.963954863594108,5.074049058984034
CCCCc1c2nc(cc3[nH]c(c(C)c3C)c(CCCC)c3nc(cc4[nH]c1c(C)c4C)C(C)=C3C)C(C)=C2C,5.640504589981344,9.978310533286633
CCCCCCCCCCCCOc1ccc(/C=C/c2ccc(/C=C/c3ccc(OCCCCCCCCCCCC)cc3)nn2)cc1,9.934893268864206,6.197907023105146
CC/C1=C/N(C)CC[C@]23C(=O)C[C@@H]1[C@@H]1C=CC(=O)N(c4c(O)cccc42)[C@@H]13,0.44508069060140487,7.5731552189284415
COc1cc(CCN(C)C)c(C2=Cc3ccc4c(c3CO2)OCO4)cc1OC,7.123409440562387,5.612707225089694
CCOc1nc2nc(Cl)nc(Cl)c2n1C,2.6829080799993967,1.4323352760713293
O=C1c2c(Cl)c(Cl)c(Cl)c(Cl)c2C(=O)N1c1ccccc1[N+](=O)[O-],5.247033839598717,2.6287612602616384
COc1cc(-c2ccc(-c3ccc(-c4ccccc4)cc3)c(OC)c2)ccc1-c1ccc(-c2ccccc2)cc1,5.179647511394512,5.69016509100145
Cc1ccc(S(=O)(=O)NP(=O)(O)Cl)cc1,9.762091813652406,0.4094987591949817
CCN(CC)[C@H]1C[C@H]2CC[C@]1(C)C2(C)C,3.250195249259935,9.524646409384415
O=P(O)(Cl)NS(=O)(=O)c1ccccc1,7.844751340219998,5.027157186085654
CC1(C)[C@@H]2CC[C@@]1(C)[C@@H](N=Cc1ccccc1)C2,6.726117317773986,5.331679895829643
O=C1c2ccccc2-c2c3ccccc3c3c4c(c5ccccc5c1c24)-c1ccccc1C3=O,4.504075694875928,9.75823113714604
C/C(=N\Oc1c([N+](=O)[O-])cc([N+](=O)[O-])cc1[N+](=O)[O-])c1ccccc1,1.5406399480429578,3.4307576547343155
CCOC(=O)N[C@@H]1C[C@H]2CC[C@]1(C)C2(C)C,7.380799641458896,2.649351366634315
CCOC(=O)N[C@H]1C[C@H]2CC[C@]1(C)C2(C)C,7.687991889523796,0.0289883366898247
c1ccc(C23C4=C5C(c6ccccc6C4c4ccccc42)c2ccccc2C5(c2ccccc2)c2ccccc23)cc1,4.71446026197434,4.6839193103863295
OCCOC1(c2ccccc2)c2ccccc2C(OCCO)(c2ccccc2)c2ccccc21,9.599499323369777,7.488466946896379
NC(=O)C(Br)(Br)Cc1ccccc1,2.0711672853249685,2.7144705712623285
Cc1cc(O)ccc1C(O)(c1ccccc1)c1ccccc1,1.6036013191421161,2.395855956251763
Oc1c(-c2cc(Br)c3ccccc3c2O)cc(Br)c2ccccc12,1.0977534666735467,9.152492822215873
O=[N+]([O-])c1ccc(-c2ccccc2-c2ccccc2-c2ccc([N+](=O)[O-])cc2)cc1,1.1726157148265481,0.3342014436898988
c1ccc(-c2ccc(C(c3ccc(-c4ccccc4)cc3)C(c3ccccc3)(c3ccccc3)c3ccccc3)cc2)cc1,4.887977286460736,7.526174610414449
COc1ccc(C(OC(c2ccccc2)(c2ccccc2)c2ccc(OC)cc2)(c2ccccc2)c2ccccc2)cc1,4.248087529643399,9.22189651677918
CCCCC1=C(C)c2nc1cc1[nH]c(c(C)c3nc(cc4[nH]c(c2C)c(C)c4CCCC)C(CCCC)=C3C)c(C)c1CCCC,2.971932796967941,8.296537928116761
COc1cc(=O)c(C)c2oc(-c3ccccc3)ccc1-2,7.457205461684704,2.5743798781345073
c1ccc(C2(OC3(c4ccccc4)c4ccccc4Oc4ccccc43)c3ccccc3Oc3ccccc32)cc1,5.261402939613734,5.9529377218773005
N#CSC(Br)C(Br)SC#N,1.6943950434453015,4.379644779696658
CCOC(=O)C(C)(N=[N+]=[N-])/C(C)=N/NC(N)=O,4.855122110164035,8.305242859305027
C1#Cc2c(c3ccccc3c3ccccc23)C#CC#Cc2c(c3ccccc3c3ccccc23)C#C1,5.204124500809879,7.661756394990297
CCCC(=O)NNC(=O)CCCC(=O)O,8.383314351745172,6.103360951599656
CC1(C)[C@@H]2CC[C@@]1(C)[C@@H](N=Cc1ccccc1[N+](=O)[O-])C2,4.434998066714747,2.5059679343641172
CC1(C)[C@@H]2CC[C@@]1(C)[C@@H](N=Cc1ccc([N+](=O)[O-])cc1)C2,0.19986202370648742,4.548870280623703
c1ccc2c(c1)cc1c3cc4ccccc4c4ccc5ccc6ccc2c1c6c5c43,6.857232968457719,9.096274386978294
Cc1cccc([N+]([O-])=C(C#N)c2ccccc2)c1,2.7073123536073593,0.043723862665568936
C[C@@H]1CCCC(NC(=O)c2cccc3ccccc23)C1,3.7395868240112162,0.2903562164377882
C[C@@H]1CCCC(NC(=O)c2ccc3ccccc3c2)C1,7.123889028809583,0.8590235413947067
Cc1ccc([N+]([O-])=C(C#N)c2ccccc2)cc1,9.213192219511132,0.5905375713564909
Cc1ccccc1[N+]([O-])=C(C#N)c1ccccc1,2.803755585618851,5.6078017141574215
N#CC(c1ccccc1)=[N+]([O-])c1ccc(Cl)cc1,4.774271823312177,2.0964896362372443
ClCc1c(Br)cc(Br)cc1Br,0.13748663786741666,6.422561259176564
O=C(O)C(O)(CCl)c1ccccc1,4.131709846190218,7.886475994613012
O=C(CCl)c1ccc2cccc3c2c1CC3,1.6720956452213143,1.4480268437977795
CCC/C=C/C=N/NC(=O)c1cccc([N+](=O)[O-])c1,0.4560541883553393,7.058367944778732
COC(O)C(C(=O)Nc1ccccc1)c1ccccc1,0.3980979552229036,5.340383671366987
CN(C)c1ccc(C(=Nc2ccc(N)cc2)c2ccc(N(C)C)cc2)cc1,4.740368123822555,3.9961199582764353
CN(C)c1ccc(C(=NC(=O)c2ccccc2)c2ccc(N(C)C)cc2)cc1,8.980565886550794,4.989584089225126
CN(C)c1ccc(C(=Nc2ccccc2N)c2ccc(N(C)C)cc2)cc1,8.894615305884852,4.744333899990955
Cc1ccc2c3ccc(C)c4c(=O)c5ccccc5c(c43)c3c4ccccc4c(=O)c1c23,0.3619650769784355,3.49850116950732
CN(C)c1ccc(C(=Nc2ccccc2N=C(c2ccc(N(C)C)cc2)c2ccc(N(C)C)cc2)c2ccc(N(C)C)cc2)cc1,7.486815712278397,6.535111287601349
C[C@@H]1C[C@@H](O)CC(C)(C)N1C(=O)Nc1ccccc1,7.345557799944654,2.5804136634235384
C[C@@H]1C[C@H](O)CC(C)(C)N1C(=O)Nc1ccccc1,7.534502569305767,7.704217298427716
CCCCC1=C(C)c2nc1cc1[nH]c(c(C)c1CCCC)c(CC)c1nc(cc3[nH]c(c(C)c3CCCC)c2CC)C(CCCC)=C1C,3.0306955329540997,3.9370620873989495
CCCCC1=C(C)c2nc1cc1[nH]c(c(C)c1CCCC)c(CCC)c1nc(cc3[nH]c(c(C)c3CCCC)c2CCC)C(CCCC)=C1C,0.8914692096645649,0.5492904791645692
CCCCC1=C(C)c2nc1cc1[nH]c(c(C)c1CCCC)c(CCCC)c1nc(cc3[nH]c(c(C)c3CCCC)c2CCCC)C(CCCC)=C1C,8.109280146812202,7.40572541416305
COCCOc1cc(Br)c2ccc3c4ccc5c(C)cccc5c4cc(OCCOC)c3c2c1,5.649846892179815,2.2255392057022947
COCCOc1cc(Br)c2ccc3c(ccc4c3ccc3c5ccc6c(C)cccc6c5cc(OCCOC)c34)c2c1,9.020259533058441,8.650173912249533
COCCOc1cc(Br)c2ccc3c(ccc4c3ccc3c5ccc6c(Br)cc(OCCOC)cc6c5ccc34)c2c1,7.164907602620301,2.277598653065722
Cc1cc(O)c2c3c4c(cc(O)c13)C(C)(C)C(=O)c1c(O)cc(O)c(c1-4)C2=O,2.4532551875017194,3.8495829819149208
c1ccc(C2(OC3(c4ccccc4)c4ccccc4-c4ccccc43)c3ccccc3-c3ccccc32)cc1,3.7978468955792333,9.04895956244944
CCCCCCC(N)=O,2.6569849373625676,5.6247490566875245
CC1(C)C2CCC1/C(=C/Nc1ccc3ccccc3c1)C2=O,3.7937960640405333,6.445062302262732
CCCCCC(N)=O,7.14498204065643,4.650978665474723
Cc1ccc(N(c2cccc(C)c2)c2cccc(C)c2)cc1,8.675917688094453,4.800309876305924
CC1(C)[C@@H]2CC[C@H]1c1nc3c(nc12)[C@H]1CC[C@@H]3C1(C)C,4.516489418835146,3.353990035536359
Cc1ccccc1N=Nc1ccc(O)cc1,6.787023604879272,6.519335204834549
N#C/C(c1ccccc1)=[N+](\[O-])c1ccc(Cl)cc1,5.142219062936425,3.796780764206903
Cc1cc(O)ccc1N=Nc1ccccc1,6.075055855105117,2.3995652114307364
O=S(=O)(Cl)c1cccc2c(S(=O)(=O)Cl)cccc12,4.847629202556546,4.244750371116113
Oc1ccc(/N=N/c2ccccc2)cc1,9.658418606872697,3.0422204410535683
NC(=O)C(O)c1ccccc1Cl,0.7882934328679625,5.700264324721806
O=C(O)C(O)c1ccc(Cl)cc1,7.808450642179988,5.126807104689028
CCC/C=C\C(N)=O,0.8487075100111574,3.5776218138850426
CCC/C=C/C(N)=O,7.187292025720745,7.1440815941145095
CCCCCCC(C)=NNC(N)=O,5.292367325588012,0.27644474223328497
OC(C#CC(O)(c1ccccc1)c1ccccc1)(c1ccccc1)c1ccccc1,4.95533419724861,4.37603514448118
O=C(c1ccccc1)C(C(=O)c1ccccc1)C(=O)c1ccccc1,9.768693614061142,6.424392676183106
CCC1=CC(N=Nc2ccccc2O)(c2ccccc2)C(O)C=C1,2.7109610782650737,6.037380210386965
CCCCCCCCC(O)C(O)CCCCCCCC,1.0183930584195022,2.391564956376607
CCCc1ccc(O)cc1O,6.203226725018337,5.446709447719568
Cc1ccc(/N=C(\Nc2ccc(C)cc2)N(c2ccc(C)cc2)c2nc3cc(C)ccc3[nH]2)cc1,6.46827712995325,2.623116556131907
CCCCC(CCC)=NNC(N)=O,3.7797095804042993,5.244550419526449
CC1(C)CC2CC1CC2C=C1C[C@H]2C[C@@H]1CC2(C)C,8.322921159527636,4.741963470286638
CC1(C)[C@@H]2CC[C@@]1(C)[C@H](N=C=O)C2,2.9307128587196307,5.1172494393565335
Oc1c(Cl)cc(Cl)cc1/N=N/c1ccccc1,8.315169496250158,2.780200401542745
CCCCCCCCCCC(N)=O,4.2479108660930365,4.857674221055128
Cc1ccc(O)cc1O,5.250999907491089,4.238444746503633
CCc1c(O)cc(C)cc1O,2.586542317298769,7.715098447203177
c1ccc2c(c1)-c1ccccc1C2C1(C2c3ccccc3-c3ccccc32)c2ccccc2-c2ccccc21,3.022587380340145,9.175490886362816
CCCCCCCCC(N)=O,4.913098366062545,5.184066958162359
Cc1ccc2c(c1)nc(Nc1ccccc1)n2/C(=N\c1ccccc1)Nc1ccccc1,8.72596204775118,4.47271747252612
O=[N+]([O-])c1ccc(Cc2ccc([N+](=O)[O-])cc2)cc1,4.847850072510214,3.5198900284283563
O=[N+]([O-])c1ccccc1C=NC1C[C@H]2CC[C@@H]1C2,0.7247701989569622,6.449765256705955
CCCCC/C=C\C(N)=O,0.6969634467942598,5.924854114434581
CCCCC/C=C/C(N)=O,0.04554886925602686,7.079782412196809
O=C(O)C1(O)CC1,5.741965945764219,8.500636592103017
CC(=O)c1cccc(N=Nc2cc(C)c(O)cc2C)c1,4.5018212265966,7.089884608995042
CCOC(=O)C(C#N)=NNc1c(Br)cc(Br)cc1Br,1.788020426359993,3.0369684329284152
CCc1cc(O)c(C)cc1N=Nc1cccc(C(C)=O)c1,9.857871180086743,9.003204544879402
CCc1cc(O)ccc1N=Nc1cccc(C(C)=O)c1,8.716264493498556,9.106346617446212
O=C1OC(Cl)(C(=O)O)c2ccccc21,8.815757807762246,5.454961129977636
CC1(C)C2CCC1(C)C(N=Cc1ccc([N+](=O)[O-])cc1)C2,9.343409138632403,5.077845835281271
CCCCCCC/C=C/C(N)=O,9.106102633745753,4.9500843147209705
CCCCCCCC=CC(N)=O,0.8444646460027361,6.339492262983101
O=C1c2ccccc2-c2cccc3cccc1c23,1.2592809102933655,9.154368073426397
O=C(O)/C(Br)=C/c1ccccc1Cl,6.928360773907873,0.4196338010255085
Cc1ccc(N=C(Nc2ccc(C)cc2)n2c(Nc3ccc(C)cc3)nc3cc(C)ccc32)cc1,8.854354504019387,6.4596996692539665
O=S(=O)(Cl)c1cc(S(=O)(=O)Cl)c2cccc(S(=O)(=O)Cl)c2c1,8.07928252894225,9.937628072968076
O=[N+]([O-])c1ccccc1N=Nc1ccc(O)cc1,7.8957715709978595,0.7816141111571151
CC(C)(C)c1ccc(O)c(N=Nc2ccccc2)c1,8.156588451579672,5.72131677231365
O[C@@H](c1ccccc1)[C@@H](O)c1ccccc1,1.5769801045061005,0.13664477402924757
N[C@@H](CO)c1ccccc1,4.298769091728342,4.398932629398863
O=S(=O)(Cl)c1cc(S(=O)(=O)Cl)c2cc(S(=O)(=O)Cl)ccc2c1,1.2214047269192452,7.347006589920722
C[C@H](O)[C@H](NC(=O)c1ccccc1)C(=O)O,0.4732411695165417,5.96783822231158
CCCCC(N)=O,1.8153317423521032,5.959249358686714
CCc1c(Cl)c(Cl)c(Cl)c(Cl)c1Cl,8.265638713181861,2.9487144395858245
ClC(c1ccccc1)(c1ccccc1)c1ccccc1,3.5517648414250402,0.9289461743260852
Cc1ccc(Nc2nc3cc(C)ccc3[nH]2)cc1,5.560678277378548,6.45935339596805
Nc1ccc2c(c1)Cc1cc(Cl)ccc1-2,7.339189988730782,7.503351504153059
O=[N+]([O-])C([N+](=O)[O-])=S1CCCC1,2.9928892035174814,4.010773255532204
CCCC(=CC(=O)O)c1ccccc1,6.0419976698152675,3.0612411484174573
CCc1cc(O)ccc1N=Nc1ccc(C(C)=O)cc1,0.03636139712181574,7.689546075797078
COc1ccc2c(c1OC)C(=O)O[C@@H]2[C@H]1c2cc3c(cc2CCN1C)OCO3,1.4320141907054573,4.398722610109721
CCOC(=O)C(C#N)=NNc1ccccc1OC,9.137454393436414,7.867373352791395
CCOC(=O)NC1CC2CC[C@]1(C)C2(C)C,0.03938059861863463,7.061882471073413
C/C=C(/C)C(N)=O,9.666270204479456,5.730431237613056
C/C=C(\C)C(N)=O,3.6549970944801693,9.684681103905161
C=CC(=O)Nc1cc(F)c(Br)c(F)c1,8.70264592006901,5.59540812071776
Cc1ccc(N(c2ccc(C)cc2)c2cccc(C)c2)cc1,1.670266774300725,3.7054696960185716
NC(=O)C(O)c1ccc(Cl)cc1,9.919156128642877,0.9749119940962947
Cc1cccc(N=Nc2ccc(O)cc2)c1,9.797584662736433,7.92174996734359
Cc1cccc(C(=O)O)n1,7.4897396467754085,0.1449386287408705
Oc1ccc(Cc2ccccc2O)cc1,6.97636613300719,6.3386129532423965
CCOC(=O)c1ccc(C)cc1NC(C)=O,6.487756463024407,3.8970288466988547
Oc1ccc(N=Nc2ccc(Cl)cc2)cc1,9.150216226595319,4.500279411678754
Oc1ccccc1Cc1ccccc1O,5.728294442321017,4.405223751927359
O=C1C=Cc2ccccc2/C1=N/Nc1ccccc1,1.5813362539438203,0.20877764761023543
CCCC/C=C/C(N)=O,1.3703077613461034,5.197276046303964
CCCC/C=C\C(N)=O,3.1650495445690066,0.9209062735234552
CC/C=C\C(N)=O,5.802096670700802,0.8392437718212775
CC/C=C/C(N)=O,6.484481194162491,9.588870828001992
CC(=O)c1ccc(N=Nc2cc(C)cc(C)c2O)cc1,7.615608614310415,7.07526577575009
O=C(O)C(Br)=Cc1cccc(Cl)c1,6.875898338104841,9.624201320523127
Cc1ccc(O)c(N=Nc2ccccc2)c1,8.738114009866779,0.7388885894762376
O=[N+]([O-])c1ccc(N=Nc2ccc(O)cc2)cc1,4.8615152647347255,4.204169955678745
CC(=O)c1cccc(N=Nc2cc(-c3ccccc3)ccc2O)c1,5.4760550873654035,6.534249687375296
CCC(C)(C)c1ccc(O)c(N=Nc2ccc(C(C)=O)cc2)c1,5.7742854456582045,6.676188351719165
BrC(c1ccccc1)(c1ccccc1)c1ccccc1,4.7821023462974965,5.091563887557816
Oc1ccc(N=Nc2cccc(Cl)c2)cc1,9.76505016604027,6.562287910897037
O=C1c2ccccc2C(O)(c2ccccc2)N1CCBr,9.142343789678153,3.945283503222684
NC(=O)C(O)c1cccc(Cl)c1,6.7582883265072144,8.075840476963199
O=C(/C(=N\O)c1ccccc1)c1ccccc1,5.679008688966844,9.641073289529341
CC(C)COC(=O)[C@@H](O)[C@H](O)C(=O)OCC(C)C,3.292402199434844,0.5579010711490107
O=C(c1ccccc1)c1cccc2c(C(=O)c3ccccc3)cccc12,9.737906268602996,8.904442367533093
CCOC(=O)C(C#N)=NNc1cccc(Br)c1,7.636552851319017,7.333336300321943
CCCCCC(CC)=NNC(N)=O,0.9893492631066525,3.169134573441003
CCOC(=O)C(C)(N=[N+]=[N-])C(C)=NNC(N)=O,7.4065178176083615,7.5485354283490205
O=C1CCCc2c1[nH]c1ccccc21,4.9825938129273535,3.391558692937353
CP(=O)(c1ccccc1)c1ccccc1,1.1925194808224637,1.5069364636824933
ClP1(Cl)=NP(Cl)(Cl)=NP(Cl)(Cl)=NP(Cl)(Cl)=N1,1.1440667383570402,1.725550515576878
C/C(=C\C(=O)O)c1ccccc1,9.673676841097704,5.576393544015269
C/C(=C/C(=O)O)c1ccccc1,9.887038971210437,3.017002249897931
CC1(C)C2CC[C@@]1(C)C(=O)/C2=C(\O)c1ccccc1,5.4241598038431,2.300113108610785
Cc1ccc(N=Nc2ccc(O)cc2)cc1,5.71255841944429,8.962234502690672
CCCCCCC=CC(N)=O,0.8914536373503412,9.85959135205398
CCC12SC3SC(S1)SC(CC)(S3)S2,4.423958641411245,4.391284446775873
O=C1c2ccccc2-c2ccc(Cl)c3cccc1c23,9.505166821488661,1.975034173771365
O=C(c1ccccc1)c1cccc2cccc(C(=O)c3ccccc3)c12,7.608060539379743,2.803390425811024
O[C@H]1C=Cc2ccccc2[C@@H]1O,2.4317078475080445,8.974436852373273
O=[N+]([O-])c1ccc2c(c1)Cc1cc(Br)ccc1-2,5.148058826300517,6.953854012222418
CC1(C)C=Cc2c(ccc3ccc(=O)oc23)O1,1.9583647026575657,6.69081382140654
O=C1CCCC(O)=C1O,5.007108503033029,0.44892423663499326
Cc1cc(O)cc(O)c1C,3.8628690549303846,2.435428222005097
Nc1ccc2c(c1)Cc1cc(Br)ccc1-2,6.850511502208004,1.6197079063466646
CN1[C@H]2CC[C@@H]1CC(OC(=O)C(CO)c1ccccc1)C2,8.63443941108577,8.120386160902033
CC(=O)Oc1ccc(OC(C)=O)c2c1C(=O)c1ccccc1C2=O,7.055113234728849,4.7269564666629496
CCOC(=O)/C=C(\C)NC(C)=O,0.08649916154126025,0.9441331108280637
CCOC(=O)/C=C(/C)NC(C)=O,1.3594376023431232,8.152029654305027
CCOC(=O)C(C#N)=NNc1ccc2ccccc2c1,3.6213172703201013,3.648896892006277
CCOC(=O)C(C#N)=NNc1ccc([N+](=O)[O-])cc1,9.988943415836035,1.1732862124763532
Cc1ccc(N(/C(=N/c2ccccc2)Nc2ccccc2)c2nc3cc(C)ccc3[nH]2)cc1,3.8973224692540978,3.9923695028946304
O=C(O)C(O)c1cccc(Cl)c1,4.0452499145095535,7.599146601287952
CC(=O)[C@H]1C[C@@H](CC(=O)O)C1(C)C,4.109412546902698,4.976721350282093
COc1ccc(C(=O)c2ccc(OC)cc2O)c(O)c1,7.699371578348343,8.75147282729345
Cc1ccc(C(=O)C=Cc2ccccc2)cc1,8.776480194760008,5.973042238151558
O=C(OO)c1ccc(Cl)cc1,8.125850812077186,3.922749293147122
CC/C(=C\C(=O)O)c1ccccc1,9.701784890970615,8.610186055892513
CC/C(=C/C(=O)O)c1ccccc1,6.010116544749375,9.882303428075069
N#C/C(c1ccccc1)=[N+](\[O-])c1cccc(Cl)c1,2.663181168799731,5.55685595237644
CCCCCCCC/C=C\C(N)=O,5.195116650760515,6.2424970218229525
CCCCCCCC/C=C/C(N)=O,2.2671595512599407,2.4042989943224393
CCOC(=O)c1ccc(NC(C)=O)cc1C,7.221647735829032,9.8279598406825
O=[N+]([O-])OCCN(c1c([N+](=O)[O-])cc([N+](=O)[O-])cc1[N+](=O)[O-])[N+](=O)[O-],1.4250423588243288,6.831412209939045
Oc1ccc(N=Nc2ccccc2Cl)cc1,0.013126505834837321,9.624970832343102
CCC1CCCCC1OC(=O)c1ccccc1C(=O)O,3.4883180900623723,1.952874853725416
Oc1ccc(N=Nc2ccccc2)cc1Cl,7.711762460826738,4.546150790829514
COc1ccccc1/C(C)=C\C(=O)O,3.3387215346291086,4.969032877608309
CC1(C)[C@H]2CC[C@]1(C)C(=O)OC2=O,2.1318310463502033,0.7587943243683359
CCc1ccc(O)cc1O,9.879153400526855,1.01269954981702
C[C@@H](C(=O)O)c1cccc2ccccc12,7.955815363638399,8.804288164187913
N#C/C(c1ccccc1)=[N+](\[O-])c1ccccc1Cl,7.397280972946378,5.457528492912845
COc1ccccc1N=Nc1ccc(O)cc1,7.426946310713831,3.063706911865147
CC(=O)c1ccc(N=Nc2cc(Cl)ccc2O)cc1,5.825180656718402,5.182393368757303
O=C(O)/C=C\C(=O)O,5.323415528111363,9.628151021291787
COc1ccc(N=Nc2ccc(O)cc2)cc1,6.238237177764383,7.197340346736299
CCCCc1ccc(/C(=N/Nc2ccc(C)cc2)C(=O)O)cc1,4.278405288455139,4.809695400863436
CN1C(=O)CC(c2ccccc2)C1=O,8.19658843745729,8.489201004437554
CCCCCCCCCCCC(C(=O)O)C(=O)O,7.24878466601375,1.688152714231289
CCCCCCCC=NNC(N)=O,3.4621659237917024,8.421715444938059
OC(C=CC(O)(c1ccccc1)c1ccccc1)(c1ccccc1)c1ccccc1,0.13367241131590046,0.8064066990487639
O=[N+]([O-])c1cc([N+](=O)[O-])c([N+](=O)[O-])c([N+](=O)[O-])c1,3.564178348307123,8.244784722882866
CCc1c(N=Nc2ccccc2O)c(O)cc(C)c1-c1ccccc1,5.301959997829913,7.90210651157142
OC(CCC(O)(c1ccccc1)c1ccccc1)(c1ccccc1)c1ccccc1,5.9648697761041,6.2283864353220295
CC1(C)C2CC[C@@]1(C)C(N=Cc1ccccc1)C2,3.1395648280068644,4.479013470591075
O=C1CCCCN1,9.092876768024205,6.2327554553646785
CCOC(=O)C(C#N)=NNc1ccccc1[N+](=O)[O-],3.9479647881740543,5.6018916572717465
C/C(=C/C(=O)O)c1ccc(C)cc1,0.1634519167590165,0.5355515684888024
C/C(=C\C(=O)O)c1ccc(C)cc1,5.360442061272678,1.4962003034946036
Cc1cc(N=Nc2ccccc2)ccc1O,8.22133350467004,7.840621849570251
O=C1c2ccccc2-c2ccccc21,2.9410968437333795,1.9071003685496735
O=S(=O)(Cl)c1ccc2c(S(=O)(=O)Cl)cc(S(=O)(=O)Cl)cc2c1,9.2266163628262,4.804597573315853
COC(=O)[C@H]1[C@@H](OC(=O)c2ccccc2)C[C@@H]2CC[C@H]1N2C,9.880491209369547,8.900677719140855
CCCCc1c(O)cc(C)cc1O,3.4066908677213235,5.597923210290947
Cc1ccc2[nH]c(Nc3ccccc3)nc2c1,0.9012955012656143,8.749735819614067